Workbook

Sheet 통합사업계획
A1: MNC Group 2026–2031 중장기 사업계획 (통합 — 확정 기준안 v9)
A2: 단위: USD 천 | v9 변경: 판관비율 12.6%→매년 1%p 개선 / 순이자비용 유예기간 flat 재계산($687K, 2031 상환반영) | 투자분할(한국1단계 27·28 $3M·$2M / 서버공장 28 $5.05M / 한국2단계 29·30 $10M·$5M) | 삼성DX·AI서버 반영, 추가방산·DC·지연 미적용
A3: 구분 | B3: 2026 | C3: 2027 | D3: 2028 | E3: 2029 | F3: 2030 | G3: 2031 | H3: '26–'31 합계
A4: I. 연결 손익계산서 (P&L) [단위: $천]
A5: 매출액 — 기존사업 | B5: =핵심가정!B4 -> 44598 | C5: =핵심가정!C4 -> 46827.9 | D5: =핵심가정!D4 -> 49169.295 | E5: =핵심가정!E4 -> 51627.76 | F5: =핵심가정!F4 -> 54209.148 | G5: =핵심가정!G4 -> 56919.605 | H5: =SUM(B5:G5) -> 303351.71
A6: 매출액 — A사 프로젝트 | B6: =핵심가정!B9 -> 1200 | C6: =핵심가정!C9 -> 4500 | D6: =핵심가정!D9 -> 8000 | E6: =핵심가정!E9 -> 16000 | F6: =핵심가정!F9 -> 24000 | G6: =핵심가정!G9 -> 24000 | H6: =SUM(B6:G6) -> 77700
A7: 매출액 — 삼성DX (ZN캐스팅) | B7: =핵심가정!B11 -> 0 | C7: =핵심가정!C11 -> 4800 | D7: =핵심가정!D11 -> 9600 | E7: =핵심가정!E11 -> 12000 | F7: =핵심가정!F11 -> 12000 | G7: =핵심가정!G11 -> 12000 | H7: =SUM(B7:G7) -> 50400
A8: 매출액 — 삼성DX (갤럭시탭) | B8: =핵심가정!B12 -> 0 | C8: =핵심가정!C12 -> 2200 | D8: =핵심가정!D12 -> 2200 | E8: =핵심가정!E12 -> 2200 | F8: =핵심가정!F12 -> 2200 | G8: =핵심가정!G12 -> 2200 | H8: =SUM(B8:G8) -> 11000
A9: 매출액 — AI서버 CNC (베트남) | B9: =핵심가정!B15 -> 0 | C9: =핵심가정!C15 -> 2347 | D9: =핵심가정!D15 -> 4695 | E9: =핵심가정!E15 -> 9390 | F9: =핵심가정!F15 -> 9390 | G9: =핵심가정!G15 -> 9390 | H9: =SUM(B9:G9) -> 35212
A10: 매출액 합계 | B10: =SUM(B5:B9) -> 45798 | C10: =SUM(C5:C9) -> 60674.9 | D10: =SUM(D5:D9) -> 73664.295 | E10: =SUM(E5:E9) -> 91217.76 | F10: =SUM(F5:F9) -> 101799.15 | G10: =SUM(G5:G9) -> 104509.61 | H10: =SUM(H5:H9) -> 477663.71
A11: 매출 성장률 (YoY) | B11: — | C11: =C10/B10-1 -> 0.32483733 | D11: =D10/C10-1 -> 0.21408185 | E11: =E10/D10-1 -> 0.23829 | F11: =F10/E10-1 -> 0.1160014 | G11: =G10/F10-1 -> 0.026625541 | H11: —
A12: 기존사업 매출원가 | B12: =-B5*핵심가정!B5 -> -33716.088 | C12: =-C5*핵심가정!C5 -> -35636.032 | D12: =-D5*핵심가정!D5 -> -36901.556 | E12: =-E5*핵심가정!E5 -> -38204.542 | F12: =-F5*핵심가정!F5 -> -39545.573 | G12: =-G5*핵심가정!G5 -> -40902.428 | H12: =SUM(B12:G12) -> -224906.22
A13: 매출총이익 (합산) | B13: =(B5+B12)+B15+B16+B17 -> 11481.912 | C13: =(C5+C12)+C15+C16+C17 -> 14493.918 | D13: =(D5+D12)+D15+D16+D17 -> 18151.989 | E13: =(E5+E12)+E15+E16+E17 -> 24251.718 | F13: =(F5+F12)+F15+F16+F17 -> 29492.074 | G13: =(G5+G12)+G15+G16+G17 -> 30845.677 | H13: =SUM(B13:G13) -> 128717.29
A14: 기존사업 영업이익 | B14: =(B5+B12)-B5*핵심가정!#REF! -> #REF! | C14: =(C5+C12)-C5*핵심가정!#REF! -> #REF! | D14: =(D5+D12)-D5*핵심가정!#REF! -> #REF! | E14: =(E5+E12)-E5*핵심가정!#REF! -> #REF! | F14: =(F5+F12)-F5*핵심가정!#REF! -> #REF! | G14: =(G5+G12)-G5*핵심가정!#REF! -> #REF! | H14: =SUM(B14:G14) -> #REF!
A15: A사 프로젝트 영업이익 (50%) | B15: =B6*0.5 -> 600 | C15: =C6*0.5 -> 2250 | D15: =D6*0.5 -> 4000 | E15: =E6*0.5 -> 8000 | F15: =F6*0.5 -> 12000 | G15: =G6*0.5 -> 12000 | H15: =SUM(B15:G15) -> 38850
A16: 삼성DX 영업이익 (10%) | B16: =(B7+B8)*0.1 -> 0 | C16: =(C7+C8)*0.1 -> 700 | D16: =(D7+D8)*0.1 -> 1180 | E16: =(E7+E8)*0.1 -> 1420 | F16: =(F7+F8)*0.1 -> 1420 | G16: =(G7+G8)*0.1 -> 1420 | H16: =SUM(B16:G16) -> 6140
A17: AI서버CNC 영업이익 (15%) | B17: =B9*0.15 -> 0 | C17: =C9*0.15 -> 352.05 | D17: =D9*0.15 -> 704.25 | E17: =E9*0.15 -> 1408.5 | F17: =F9*0.15 -> 1408.5 | G17: =G9*0.15 -> 1408.5 | H17: =SUM(B17:G17) -> 5281.8
A18: 한국법인 운영비 | B18: 0 | C18: 0 | D18: -2000 | E18: -2000 | F18: -2000 | G18: -2000 | H18: =SUM(B18:G18) -> -8000
A20: VII. 주요 가정 및 유의사항
A21: 1. 기존사업: 2026년 매출 $44.6M (2025년 베트남 법인 실적 기준). 원가율 75.6%에서 출발, 매년 1.05%p 개선. 판관비율 12.6% 유지.
A22: 2. A사 프로젝트: 2026년 600세트($2,000/세트) → 2028년 이후 양산단가 $1,600/세트, 영업이익률 50%.
A23: 3. 삼성전자 DX — ZN캐스팅: 2027년 $4.8M(월100만개×$0.40), 2028년 $9.6M, 2029~2031년 $12M/년. 영업이익률 10%.
A24: 4. 삼성전자 DX — 갤럭시탭: 2027~2031년 $2.2M/년 (월8만개×$2.2). 영업이익률 10%.

Sheet 핵심가정
A1: MNC Group — 핵심 가정 (Assumptions)
A2: 항목 | B2: 2026 | C2: 2027 | D2: 2028 | E2: 2029 | F2: 2030 | G2: 2031 | H2: 비고
A3: A. 기존사업 가정
A4: 기존사업 매출 ($K) | B4: 44598 | C4: =B4*1.05 -> 46827.9 | D4: =C4*1.05 -> 49169.295 | E4: =D4*1.05 -> 51627.76 | F4: =E4*1.05 -> 54209.148 | G4: =F4*1.05 -> 56919.605 | H4: 2027년부터 연 5%성장
A5: 기존사업 매출원가율 | B5: 0.756 | C5: 0.761 | D5: 0.7505 | E5: 0.74 | F5: 0.7295 | G5: 0.7186 | H5: 75.6%에서 출발, 매년 1.05%p 개선
A6: B. A사 프로젝트 가정
A7: A사 수량 (세트) | B7: 600 | C7: 2500 | D7: 5000 | E7: 10000 | F7: 15000 | G7: 15000 | H7: 양산단계 15,000세트
A8: A사 단가 ($/세트) | B8: 2000 | C8: 1800 | D8: 1600 | E8: 1600 | F8: 1600 | G8: 1600 | H8: 양산 $1,600 (20%볼륨할인)
A9: A사 매출 ($K) | B9: =B7*B8/1000 -> 1200 | C9: =C7*C8/1000 -> 4500 | D9: =D7*D8/1000 -> 8000 | E9: =E7*E8/1000 -> 16000 | F9: =F7*F8/1000 -> 24000 | G9: =G7*G8/1000 -> 24000 | H9: 영업이익률 50%
A10: C. 삼성전자 DX 가정
A11: ZN캐스팅 매출 ($K) | B11: 0 | C11: 4800 | D11: 9600 | E11: 12000 | F11: 12000 | G11: 12000 | H11: $0.40/개, 월100만개→연$4.8M
A12: 갤럭시탭 매출 ($K) | B12: 0 | C12: 2200 | D12: 2200 | E12: 2200 | F12: 2200 | G12: 2200 | H12: $2.2/개, 월8만개→연$2.2M
A13: 삼성DX 합계 ($K) | B13: =B11+B12 -> 0 | C13: =C11+C12 -> 7000 | D13: =D11+D12 -> 11800 | E13: =E11+E12 -> 14200 | F13: =F11+F12 -> 14200 | G13: =G11+G12 -> 14200 | H13: 영업이익률 10%
A14: D. AI서버 CNC 가정
A15: AI서버CNC 매출 ($K) | B15: 0 | C15: 2347 | D15: 4695 | E15: 9390 | F15: 9390 | G15: 9390 | H15: 임율 60동/초, 100대→200대, 환율 26,500동/$
A16: 기계대수 (대) | B16: 0 | C16: 100 | D16: 100 | E16: 200 | F16: 200 | G16: 200 | H16: 2029년 신공장 200대

Sheet AI서버CNC_계산근거
A1: AI서버 CNC 사업 — 월별 매출 계산 근거
A2: 기계대수 (1단계) | B2: 100대 | C2: 선반20+밀링80 | D2: 선반 20대 + 밀링 80대
A3: 기계대수 (2단계, 2029~) | B3: 200대 | C3: 기존100대 이전+신규100대 | D3: 기존 100대 이전 + 신규 100대
A4: 월 가동일 | B4: 24일 | C4: 격주 토요일 근무
A5: 일 가동시간 | B5: 20시간
A6: 기계당 시간당 임율 | B6: 216,000 VND | C6: 60동/초 × 3,600초
A7: 기계당 월 가동시간 | B7: 480시간 | C7: 20시간 × 24일
A8: 기계당 월 매출 (VND) | B8: 103,680,000 동 | C8: 216,000 × 480
A9: 적용 환율 | B9: 26,500 동/달러
A10: 기계 1대 월 매출 (USD) | B10: $3,912 | C10: 103,680,000 ÷ 26,500
A11: 100대 월 매출 (USD) | B11: $391,245 | C11: $3,912 × 100
A12: 100대 연 매출 (USD) | B12: $4,694,940 | C12: $391,245 × 12
A13: 200대 연 매출 (USD) | B13: $9,389,880 | C13: 약 $9,390K 반영
A14: 2027년 H2 매출 (6개월) | B14: $2,347,470 | C14: $391,245 × 6개월 | D14: 2027H2 시작
A15: 영업이익률 | B15: 15% | D15: 원가율 포함 전체 이익
