Workbook

Sheet 경영분석 요약
A1: M&C Electronics Vina - 경영분석 보고서 (2차)
A2: 기준: 2024년 vs 2025년 (USD)
A4: [ 주요 손익 지표 ]
A5: 지표 | B5: 2024년 | C5: 2025년 | D5: 증감액 | E5: 증감률 | F5: 평가
A6: 매출액 (Revenue) | B6: 45961674 | C6: 47312883 | D6: =C6-B6 -> 1351209 | E6: =IF(B6=0,"-",D6/ABS(B6)) -> 0.029398603 | F6: ▲ 증가
A7: 매출원가 (COGS) | B7: 36627960 | C7: 33784587 | D7: =C7-B7 -> -2843373 | E7: =IF(B7=0,"-",D7/ABS(B7)) -> -0.077628484 | F7: ▼ 감소 (개선)
A8: 매출총이익 (Gross Profit) | B8: 9333714 | C8: 13528296 | D8: =C8-B8 -> 4194582 | E8: =IF(B8=0,"-",D8/ABS(B8)) -> 0.44940117 | F8: ▲▲ 대폭 개선
A9: 판관비 (SG&A) | B9: 6919229 | C9: 5662540 | D9: =C9-B9 -> -1256689 | E9: =IF(B9=0,"-",D9/ABS(B9)) -> -0.18162269 | F9: ▼ 감소 (개선)
A10: 영업이익 (Operating Profit) | B10: 2414485 | C10: 7865757 | D10: =C10-B10 -> 5451272 | E10: =IF(B10=0,"-",D10/ABS(B10)) -> 2.257737 | F10: ▲▲ 대폭 개선
A11: 당기순이익 (Net Profit) | B11: 1580236 | C11: 7334481 | D11: =C11-B11 -> 5754245 | E11: =IF(B11=0,"-",D11/ABS(B11)) -> 3.6413833 | F11: ▲▲▲ 대폭 개선
A12: EBITDA | B12: 5151343 | C12: 11558493 | D12: =C12-B12 -> 6407150 | E12: =IF(B12=0,"-",D12/ABS(B12)) -> 1.2437824 | F12: ▲▲ 대폭 개선
A14: [ 주요 경영 지표 ]
A15: 지표 | B15: 2024년 | C15: 2025년 | D15: 증감 | E15: 방향 | F15: 평가
A16: 매출총이익률 | B16: ='손익계산서 비교'!C9/'손익계산서 비교'!C3 -> 0.20307602 | C16: ='손익계산서 비교'!D9/'손익계산서 비교'!D3 -> 0.28593261 | D16: =C16-B16 -> 0.082856584 | E16: ↑ | F16: ▲ 개선
A17: 영업이익률 | B17: ='손익계산서 비교'!C15/'손익계산서 비교'!C3 -> 0.052532573 | C17: ='손익계산서 비교'!D15/'손익계산서 비교'!D3 -> 0.16624977 | D17: =C17-B17 -> 0.1137172 | E17: ↑ | F17: ▲▲ 대폭 개선
A18: 순이익률 | B18: ='손익계산서 비교'!C23/'손익계산서 비교'!C3 -> 0.034381602 | C18: ='손익계산서 비교'!D23/'손익계산서 비교'!D3 -> 0.15502078 | D18: =C18-B18 -> 0.12063918 | E18: ↑ | F18: ▲▲▲ 대폭 개선
A19: EBITDA 마진 | B19: ='손익계산서 비교'!C25/'손익계산서 비교'!C3 -> 0.1120791 | C19: ='손익계산서 비교'!D25/'손익계산서 비교'!D3 -> 0.24429904 | D19: =C19-B19 -> 0.13221994 | E19: ↑ | F19: ▲▲ 대폭 개선
A20: 부채비율 (D/E) | B20: ='재무상태표 비교'!C31/'재무상태표 비교'!C36 -> 2.8006833 | C20: ='재무상태표 비교'!D31/'재무상태표 비교'!D36 -> 2.3680573 | D20: =C20-B20 -> -0.43262601 | E20: ↓ | F20: ▼ 개선 (감소)
A21: 유동비율 | B21: ='재무상태표 비교'!C8/'재무상태표 비교'!C27 -> 0.93254999 | C21: ='재무상태표 비교'!D8/'재무상태표 비교'!D27 -> 0.88723613 | D21: =C21-B21 -> -0.045313857 | E21: ↑ | F21: ▲ 개선
A22: ROE | B22: ='손익계산서 비교'!C23/'재무상태표 비교'!C36 -> 0.16106053 | C22: ='손익계산서 비교'!D23/'재무상태표 비교'!D36 -> 0.69973064 | D22: =C22-B22 -> 0.53867011 | E22: ↑ | F22: ▲▲▲ 대폭 개선
A23: ROA | B23: ='손익계산서 비교'!C23/'재무상태표 비교'!C22 -> 0.042376728 | C23: ='손익계산서 비교'!D23/'재무상태표 비교'!D22 -> 0.20775497 | D23: =C23-B23 -> 0.16537824 | E23: ↑ | F23: ▲▲▲ 대폭 개선
A24: 판관비율 | B24: ='손익계산서 비교'!C11/'손익계산서 비교'!C3 -> 0.15054345 | C24: ='손익계산서 비교'!D11/'손익계산서 비교'!D3 -> 0.11968284 | D24: =C24-B24 -> -0.030860615 | E24: ↓ | F24: ▼ 개선 (감소)
A25: 매출채권 회전일수 | B25: ='재무상태표 비교'!C6/'손익계산서 비교'!C3*365 -> 108.57289 | C25: ='재무상태표 비교'!D6/'손익계산서 비교'!D3*365 -> 95.397626 | D25: =C25-B25 -> -13.175262 | E25: ↓ | F25: ▼ 개선 (감소)
A26: 재고자산 회전일수 | B26: ='재무상태표 비교'!C7/'손익계산서 비교'!C5*365 -> 78.560088 | C26: ='재무상태표 비교'!D7/'손익계산서 비교'!D5*365 -> 41.364443 | D26: =C26-B26 -> -37.195645 | E26: ↓ | F26: ▼▼ 대폭 개선
A27: 매입채무 회전일수 | B27: ='재무상태표 비교'!C24/'손익계산서 비교'!C5*365 -> 124.56331 | C27: ='재무상태표 비교'!D24/'손익계산서 비교'!D5*365 -> 121.00192 | D27: =C27-B27 -> -3.5613886 | E27: ↑ | F27: ▲ 소폭 증가

Sheet 손익계산서 비교
A1: 손익계산서 비교분석 (2024 vs 2025)
A2: 코드 | B2: 계정과목 | C2: 2024년 | D2: 2025년 | E2: 증감액 | F2: 증감률
A3: I | B3: 매출액 (Revenue) | C3: 45961674 | D3: 47312883 | E3: =D3-C3 -> 1351209 | F3: =IF(C3=0,"-",E3/ABS(C3)) -> 0.029398603
A4: I-1 | B4: 제품매출 | C4: 45961674 | D4: 47312883 | E4: =D4-C4 -> 1351209 | F4: =IF(C4=0,"-",E4/ABS(C4)) -> 0.029398603
A5: II | B5: 매출원가 (COGS) | C5: 36627960 | D5: 33784587 | E5: =D5-C5 -> -2843373 | F5: =IF(C5=0,"-",E5/ABS(C5)) -> -0.077628484
A6: II-1 | B6: 원재료비 | C6: 27817283 | D6: 24640218 | E6: =D6-C6 -> -3177065 | F6: =IF(C6=0,"-",E6/ABS(C6)) -> -0.11421191
A7: II-2 | B7: 노무비 | C7: 3710506 | D7: 3815921 | E7: =D7-C7 -> 105415 | F7: =IF(C7=0,"-",E7/ABS(C7)) -> 0.028409872
A8: II-3 | B8: 제조경비 | C8: 5100171 | D8: 5328448 | E8: =D8-C8 -> 228277 | F8: =IF(C8=0,"-",E8/ABS(C8)) -> 0.044758695
A9: III | B9: 매출총이익 | C9: =C3-C5 -> 9333714 | D9: =D3-D5 -> 13528296 | E9: =D9-C9 -> 4194582 | F9: =IF(C9=0,"-",E9/ABS(C9)) -> 0.44940117
A10: III-pct | B10: 매출총이익률 | C10: =C9/C3 -> 0.20307602 | D10: =D9/D3 -> 0.28593261 | E10: =D10-C10 -> 0.082856584
A11: IV | B11: 판매비와관리비 (SG&A) | C11: 6919229 | D11: 5662540 | E11: =D11-C11 -> -1256689 | F11: =IF(C11=0,"-",E11/ABS(C11)) -> -0.18162269
A12: IV-1 | B12: 급여 | C12: 2615837 | D12: 2163040 | E12: =D12-C12 -> -452797 | F12: =IF(C12=0,"-",E12/ABS(C12)) -> -0.17309832
A13: IV-2 | B13: 감가상각비 | C13: 498432 | D13: 378691 | E13: =D13-C13 -> -119741 | F13: =IF(C13=0,"-",E13/ABS(C13)) -> -0.24023538
A14: IV-3 | B14: 기타판관비 | C14: 3804960 | D14: 3120809 | E14: =D14-C14 -> -684151 | F14: =IF(C14=0,"-",E14/ABS(C14)) -> -0.17980504
A15: V | B15: 영업이익 | C15: =C9-C11 -> 2414485 | D15: =D9-D11 -> 7865756 | E15: =D15-C15 -> 5451271 | F15: =IF(C15=0,"-",E15/ABS(C15)) -> 2.2577365
A16: V-pct | B16: 영업이익률 | C16: =C15/C3 -> 0.052532573 | D16: =D15/D3 -> 0.16624977 | E16: =D16-C16 -> 0.1137172
A17: VI | B17: 영업외수익 | C17: 523697 | D17: 625000 | E17: =D17-C17 -> 101303 | F17: =IF(C17=0,"-",E17/ABS(C17)) -> 0.19343819
A18: VI-1 | B18: 이자수익 | C18: 153697 | D18: 175000 | E18: =D18-C18 -> 21303 | F18: =IF(C18=0,"-",E18/ABS(C18)) -> 0.13860388
A19: VI-2 | B19: 기타영업외수익 | C19: 370000 | D19: 450000 | E19: =D19-C19 -> 80000 | F19: =IF(C19=0,"-",E19/ABS(C19)) -> 0.21621622
A20: VII | B20: 영업외비용 | C20: 1357946 | D20: 1156276 | E20: =D20-C20 -> -201670 | F20: =IF(C20=0,"-",E20/ABS(C20)) -> -0.14851106
A21: VII-1 | B21: 이자비용 | C21: 857946 | D21: 756276 | E21: =D21-C21 -> -101670 | F21: =IF(C21=0,"-",E21/ABS(C21)) -> -0.11850396
A22: VII-2 | B22: 기타영업외비용 | C22: 500000 | D22: 400000 | E22: =D22-C22 -> -100000 | F22: =IF(C22=0,"-",E22/ABS(C22)) -> -0.2
A23: VIII | B23: 당기순이익 | C23: =C15+C17-C20 -> 1580236 | D23: =D15+D17-D20 -> 7334480 | E23: =D23-C23 -> 5754244 | F23: =IF(C23=0,"-",E23/ABS(C23)) -> 3.6413827
A24: VIII-pct | B24: 순이익률 | C24: =C23/C3 -> 0.034381602 | D24: =D23/D3 -> 0.15502078 | E24: =D24-C24 -> 0.12063918
A25: IX | B25: EBITDA | C25: =C15+C26+C27 -> 5151343 | D25: =D15+D26+D27 -> 11558492 | E25: =D25-C25 -> 6407149 | F25: =IF(C25=0,"-",E25/ABS(C25)) -> 1.2437823
A26: IX-1 | B26: 감가상각비 (제조) | C26: 2238426 | D26: 3314045 | E26: =D26-C26 -> 1075619 | F26: =IF(C26=0,"-",E26/ABS(C26)) -> 0.48052471
A27: IX-2 | B27: 감가상각비 (판관) | C27: 498432 | D27: 378691 | E27: =D27-C27 -> -119741 | F27: =IF(C27=0,"-",E27/ABS(C27)) -> -0.24023538

Sheet 재무상태표 비교
A1: 재무상태표 비교분석 (2024.12 vs 2025.12)
A2: 코드 | B2: 계정과목 | C2: 2024년말 | D2: 2025년말 | E2: 증감액 | F2: 증감률
B3: [ 자산 ]
A4: A1 | B4: 현금및현금성자산 | C4: 912517 | D4: 2694114 | E4: =D4-C4 -> 1781597 | F4: =IF(C4=0,"-",E4/ABS(C4)) -> 1.9523987
A5: A2 | B5: 단기금융상품 | C5: 500000 | D5: 600000 | E5: =D5-C5 -> 100000 | F5: =IF(C5=0,"-",E5/ABS(C5)) -> 0.2
A6: A3 | B6: 매출채권 | C6: 13671758 | D6: 12365854 | E6: =D6-C6 -> -1305904 | F6: =IF(C6=0,"-",E6/ABS(C6)) -> -0.095518367
A7: A4 | B7: 재고자산 | C7: 7883550 | D7: 3828714 | E7: =D7-C7 -> -4054836 | F7: =IF(C7=0,"-",E7/ABS(C7)) -> -0.51434138
A8: A-Q | B8: 유동자산 소계 | C8: =SUM(C4:C7) -> 22967825 | D8: =SUM(D4:D7) -> 19488682 | E8: =D8-C8 -> -3479143 | F8: =IF(C8=0,"-",E8/ABS(C8)) -> -0.15147899
A9: A5 | B9: 원재료 | C9: 4200000 | D9: 1800000 | E9: =D9-C9 -> -2400000 | F9: =IF(C9=0,"-",E9/ABS(C9)) -> -0.57142857
A10: A6 | B10: 재공품 | C10: 1500000 | D10: 800000 | E10: =D10-C10 -> -700000 | F10: =IF(C10=0,"-",E10/ABS(C10)) -> -0.46666667
A11: A7 | B11: 제품 | C11: 2183550 | D11: 1228714 | E11: =D11-C11 -> -954836 | F11: =IF(C11=0,"-",E11/ABS(C11)) -> -0.43728607
A12: A8 | B12: 유형자산 | C12: 11622344 | D12: 12365071 | E12: =D12-C12 -> 742727 | F12: =IF(C12=0,"-",E12/ABS(C12)) -> 0.063905095
A13: A9 | B13: 무형자산 | C13: 350000 | D13: 300000 | E13: =D13-C13 -> -50000 | F13: =IF(C13=0,"-",E13/ABS(C13)) -> -0.14285714
A14: A10 | B14: 기타비유동자산 | C14: 2350015 | D14: 3149759 | E14: =D14-C14 -> 799744 | F14: =IF(C14=0,"-",E14/ABS(C14)) -> 0.34031442
A15: A-F | B15: 비유동자산 소계 | C15: =SUM(C12:C14) -> 14322359 | D15: =SUM(D12:D14) -> 15814830 | E15: =D15-C15 -> 1492471 | F15: =IF(C15=0,"-",E15/ABS(C15)) -> 0.10420567
B17: 기타자산
A18: A-NCA2 | B18: 투자자산 | C18: 1200000 | D18: 1100000 | E18: =D18-C18 -> -100000 | F18: =IF(C18=0,"-",E18/ABS(C18)) -> -0.083333333
A19: A-NCA3 | B19: 기타 | C19: 800000 | D19: 900000 | E19: =D19-C19 -> 100000 | F19: =IF(C19=0,"-",E19/ABS(C19)) -> 0.125
A22: AT | B22: 자산총계 | C22: =C8+C15 -> 37290184 | D22: =D8+D15 -> 35303512 | E22: =D22-C22 -> -1986672 | F22: =IF(C22=0,"-",E22/C22) -> -0.053276004
B23: [ 부채 ]
A24: L1 | B24: 매입채무 | C24: 12500000 | D24: 11200000 | E24: =D24-C24 -> -1300000 | F24: =IF(C24=0,"-",E24/ABS(C24)) -> -0.104
A25: L2 | B25: 단기차입금 | C25: 8500000 | D25: 7500000 | E25: =D25-C25 -> -1000000 | F25: =IF(C25=0,"-",E25/ABS(C25)) -> -0.11764706
A26: L3 | B26: 기타유동부채 | C26: 3629055 | D26: 3265609 | E26: =D26-C26 -> -363446 | F26: =IF(C26=0,"-",E26/ABS(C26)) -> -0.10014894
A27: L-C | B27: 유동부채 소계 | C27: =SUM(C24:C26) -> 24629055 | D27: =SUM(D24:D26) -> 21965609 | E27: =D27-C27 -> -2663446 | F27: =IF(C27=0,"-",E27/ABS(C27)) -> -0.10814244
A28: L4 | B28: 장기차입금 | C28: 2000000 | D28: 2000000 | E28: =D28-C28 -> 0 | F28: =IF(C28=0,"-",E28/ABS(C28)) -> 0
A29: L5 | B29: 기타비유동부채 | C29: 849687 | D29: 856041 | E29: =D29-C29 -> 6354 | F29: =IF(C29=0,"-",E29/ABS(C29)) -> 0.0074780478
A30: L-NC | B30: 비유동부채 소계 | C30: =SUM(C28:C29) -> 2849687 | D30: =SUM(D28:D29) -> 2856041 | E30: =D30-C30 -> 6354 | F30: =IF(C30=0,"-",E30/ABS(C30)) -> 0.0022297186
A31: LT | B31: 부채총계 | C31: =C27+C30 -> 27478742 | D31: =D27+D30 -> 24821650 | E31: =D31-C31 -> -2657092 | F31: =IF(C31=0,"-",E31/ABS(C31)) -> -0.096696275
B32: [ 자본 ]
A33: E1 | B33: 자본금 | C33: 3000000 | D33: 3000000 | E33: =D33-C33 -> 0 | F33: =IF(C33=0,"-",E33/ABS(C33)) -> 0
A34: E2 | B34: 이익잉여금 | C34: 6311442 | D34: 6981862 | E34: =D34-C34 -> 670420 | F34: =IF(C34=0,"-",E34/ABS(C34)) -> 0.10622295
A35: E3 | B35: 기타자본 | C35: 500000 | D35: 500000 | E35: =D35-C35 -> 0 | F35: =IF(C35=0,"-",E35/ABS(C35)) -> 0
A36: ET | B36: 자본총계 | C36: =SUM(C33:C35) -> 9811442 | D36: =SUM(D33:D35) -> 10481862 | E36: =D36-C36 -> 670420 | F36: =IF(C36=0,"-",E36/ABS(C36)) -> 0.068330425
A38: LEQT | B38: 부채및자본총계 | C38: =C31+C36 -> 37290184 | D38: =D31+D36 -> 35303512 | E38: =D38-C38 -> -1986672 | F38: =IF(C38=0,"-",E38/ABS(C38)) -> -0.053276004

Sheet 분석 및 개선방안
A1: M&C Electronics Vina 경영분석 및 개선방안 (2차)
A3: 1. 수익성 분석
B4: 매출액은 $45.96M에서 $47.31M으로 2.9% 증가하였습니다.
B5: 매출총이익률은 20.3%에서 28.6%로 8.3%p 대폭 개선되어, 원가관리 효율성이 크게 향상되었습니다.
B6: 매출원가는 $36.63M에서 $33.78M으로 7.8% 감소하여, 매출 증가에도 불구하고 원가 절감에 성공하였습니다.
B7: 특히 원재료비가 $27.82M에서 $24.64M으로 11.4% 절감된 것이 매출총이익률 개선의 핵심 요인입니다.
B8: 영업이익률은 5.3%에서 16.6%로 대폭 개선, 순이익률은 3.4%에서 15.5%로 약 4.5배 향상되었습니다.
B9: EBITDA는 $5.15M에서 $11.56M으로 124.4% 증가하여 영업현금창출력이 크게 강화되었습니다.
A11: 2. 비용구조 분석
B12: 매출원가율이 79.7%에서 71.4%로 8.3%p 하락하여 원가구조가 크게 개선되었습니다.
B13: 원재료비 비중이 전체 COGS의 75.9%에서 72.9%로 감소, 구매/수율 관리의 성과가 나타났습니다.
B14: 판관비는 $6.92M에서 $5.66M으로 18.2% 감소하여, 비용 효율화가 이루어졌습니다.
B15: 판관비율은 15.1%에서 12.0%로 3.1%p 개선, 매출 대비 관리비 부담이 경감되었습니다.
B16: 인건비(판관비 내)가 $2.62M에서 $2.16M으로 17.3% 감소한 점도 기여하였습니다.
A18: 3. 재무구조 분석
B19: 총자산은 $37.29M에서 $35.30M으로 5.3% 감소하였으나, 자산 효율성이 오히려 개선되었습니다.
B20: 부채비율(D/E)은 280.1%에서 236.8%로 개선되어 재무안정성이 향상되었습니다.
B21: 유동비율은 93.2%에서 88.6%로 소폭 하락하여 단기유동성은 주의가 필요합니다.
B22: 재고자산이 $7.88M에서 $3.83M으로 51.4% 대폭 감소하여 재고관리 효율성이 크게 개선되었습니다.
B23: 현금성자산은 $0.91M에서 $2.69M으로 195.3% 증가하여 현금유동성이 크게 강화되었습니다.
B24: 자기자본은 $9.81M에서 $10.48M으로 6.8% 증가하였습니다.
A26: 4. 효율성 분석
B27: ROE는 16.1%에서 70.0%로 대폭 향상, 자기자본 대비 수익성이 획기적으로 개선되었습니다.
B28: ROA는 4.2%에서 20.8%로 향상, 총자산 활용 효율성이 크게 개선되었습니다.
B29: 재고자산 회전일수가 78.6일에서 41.4일로 대폭 단축, 재고 회전 효율이 크게 향상되었습니다.
B30: 매출채권 회전일수가 108.6일에서 95.4일로 개선되었으나, 여전히 90일을 초과하여 관리 필요합니다.
A32: 5. 종합평가
B33: 2025년은 매출 성장과 원가 절감이 동시에 달성된 매우 성공적인 해였습니다.
B34: 특히 매출총이익률 8.3%p 개선, 순이익 4.6배 증가 등 수익성 지표가 전반적으로 큰 폭 개선되었습니다.
B35: 재고 대폭 감축과 현금 증가로 운전자본 관리가 크게 향상되었습니다.
B36: 다만 부채비율이 여전히 236.8%로 높고, 유동비율이 100% 미만인 점은 지속적 관리가 필요합니다.
A38: 6. 개선방안
B39: ① 매출채권 관리 강화: 회전일수 90일 이내 목표로 채권 회수 절차 강화 및 여신한도 재검토
B40: ② 부채비율 추가 개선: 중장기 200% 이하 달성 위해 영업이익 기반 차입금 상환 전략 수립
B41: ③ 유동비율 개선: 단기차입금 장기전환 또는 유동자산 확충으로 100% 이상 유지 목표
B42: ④ 원가 절감 지속: 원재료 구매 다각화, 생산수율 개선, 스마트팩토리 도입 검토
B43: ⑤ 재고관리 성과 유지: 적정재고 수준 모니터링 시스템 구축으로 금번 성과 지속
B44: ⑥ 수익성 기반 투자 확대: 높아진 수익성을 활용한 시설투자 및 R&D 투자로 중장기 성장동력 확보

Sheet 환율정보
A1: 환율 정보 (VND/USD)
A2: 월 | B2: 평균환율 | C2: 기말환율
A3: 1월 | B3: 24500 | C3: 24550
A4: 2월 | B4: 24550 | C4: 24600
A5: 3월 | B5: 24600 | C5: 24650
A6: 4월 | B6: 24650 | C6: 24700
A7: 5월 | B7: 24700 | C7: 24750
A8: 6월 | B8: 24750 | C8: 24800
A9: 7월 | B9: 24800 | C9: 24850
A10: 8월 | B10: 24750 | C10: 24800
A11: 9월 | B11: 24800 | C11: 24850
A12: 10월 | B12: 24850 | C12: 24900
A13: 11월 | B13: 24900 | C13: 24950
A14: 12월 | B14: 24950 | C14: 25000
A15: 연평균 | B15: =AVERAGE(B3:B14) -> 24733.333
A16: 기말환율 | C16: =C14 -> 25000
A18: 참고 | B18: 손익계산서: 평균환율 적용 / 재무상태표: 기말환율 적용
