Workbook

Sheet 요약 (Executive Summary)
A1: 만도 제품별 불량 원인 분석 보고서
A3: 분석 기간: 2026년 1월 ~ 2026년 3월 | 작성일: 2026-04-03
A5: ■ 전체 현황 요약
A6: 제품 | B6: 총 생산량 | C6: 총 출하수량 | D6: 직통률 | E6: 최다불량유형
E7: 1순위 | F7: % | G7: 2순위 | H7: % | I7: 3순위 | J7: % | K7: 4순위 | L7: % | M7: 5순위 | N7: 0.05
A8: IMEB2 | B8: =IMEB2!B8 | C8: 114768 | D8: =IMEB2!F8 | E8: =IMEB2!A16 | F8: =IMEB2!C16 | G8: =IMEB2!A17 | H8: =IMEB2!C17 | I8: =IMEB2!A18 | J8: =IMEB2!C18 | K8: =IMEB2!A19 | L8: =IMEB2!C19 | M8: =IMEB2!A20 | N8: =IMEB2!C20
A9: NX4 HOUSING | B9: ='NX4 HOUSING'!B8 | C9: 129490 | D9: ='NX4 HOUSING'!F8 | E9: ='NX4 HOUSING'!A16 | F9: ='NX4 HOUSING'!C16 | G9: ='NX4 HOUSING'!A17 | H9: ='NX4 HOUSING'!C17 | I9: ='NX4 HOUSING'!A18 | J9: ='NX4 HOUSING'!C18 | K9: ='NX4 HOUSING'!A19 | L9: ='NX4 HOUSING'!C19 | M9: ='NX4 HOUSING'!A20 | N9: ='NX4 HOUSING'!C20
A10: NX4 COVER | B10: ='NX4 COVER'!B5 | C10: 176714 | D10: ='NX4 COVER'!F5 | E10: ='NX4 COVER'!A13 | F10: ='NX4 COVER'!C13 | G10: ='NX4 COVER'!A14 | H10: ='NX4 COVER'!C14 | I10: ='NX4 COVER'!A15 | J10: ='NX4 COVER'!C15 | K10: ='NX4 COVER'!A16 | L10: ='NX4 COVER'!C16 | M10: ='NX4 COVER'!A17 | N10: ='NX4 COVER'!C17
A11: TEYGEN4 | B11: =TEYGEN4!B5 | C11: 233040 | D11: =TEYGEN4!F5 | E11: =TEYGEN4!A13 | F11: =TEYGEN4!C13 | G11: =TEYGEN4!A14 | H11: =TEYGEN4!C14 | I11: =TEYGEN4!A15 | J11: =TEYGEN4!C15 | K11: =TEYGEN4!A16 | L11: =TEYGEN4!C16 | M11: =TEYGEN4!A17 | N11: =TEYGEN4!C17
A12: 합계 | B12: =SUM(B8:B11) | C12: =SUM(C8:C11)
A14: ■ 핵심 사항
A15: 1. IMEB2가 가장 높은 불량율을 기록하여 긴급 개선 필요
A16: 2. 전 제품 공통: 기공, 박리, 주조불량이 핵심 불량 유형 (※주조불량 : 예열타, 외관 불량)
A17: 3. CNC MC 공정이 모든 제품에서 최고 불량률 집중 (기공, 박리 등은 주조 문제)
A18: 4. 오염, 덧살, 칩 불량 등의 경우 90% 재작업하여 대부분 사용 중. 위 직통률은 재작업 후 OK 수량 미반영
A20: ■ 제품별 개선 방안
A22: 순위 | B22: 제품 | C22: 핵심불량유형 | D22: 4M1E주요원인 | E22: 개선방향 | G22: 우선등급 | J22: 기대효과
A23: 1 | B23: IMEB2 | C23: =E8 | G23: 상
A24: 2 | B24: IMEB2 | C24: =G8 | G24: 상
A25: 3 | B25: NX4_HOUSING | C25: =E9 | G25: 상
A26: 4 | B26: NX4_HOUSING | C26: =G9 | G26: 중
A27: 5 | B27: NX4_COVER | C27: =E10 | G27: 중
A28: 6 | B28: NX4_COVER | C28: =G10 | G28: 중
A29: 7 | B29: TEYGEN4 | C29: =E11 | G29: 하
A30: 8 | B30: TEYGEN4 | C30: =G11 | G30: 하
A32: Gen4의 분석 사례를 들면, 전극 가공부 치수를 60% 줄임. 40%만 전극 가공하면 가공 원가가 절감됨 (금형 가공)
A33: Gen4 가공 부하 가장 높은 부위에 대해 가공 삭제 제안 (주조면으로 두자는 내용) - 원가 인하로 인해 생산 지속 검토 가능
A34: 모든 가공 여유 0.5 -> 0.3 으로 최소화

Sheet IMEB2
A1: IMEB2 불량 분석
A3: 검사수량 | B3: 3890646 | C3: OK수량 | D3: 3631451 | E3: NG수량 | F3: 259195 | G3: PPM | H3: 66620
A4: 불량률(%) | B4: 6.66 | C4: 직통률(%) | D4: 93.34 | E4: 최다불량 | F4: 기공 | G4: 최다 불량 발생월 | H4: 2025-10
A6: ▶ 공정별 불량현황
A7: 공정명 | B7: 검사수량 | C7: OK수량 | D7: NG수량 | E7: 불량률(%) | F7: 전체 직통률(%)
A8: Casting | B8: ='[1]제품별 공정별 불량현황'!$C$6 | C8: =B8-D8 | D8: ='[1]제품별 공정별 불량현황'!$D$6 | E8: =D8/B8 | F8: =1-D12/B8
A9: Blaster | B9: ='[1]제품별 공정별 불량현황'!$C$7 | C9: =B9-D9 | D9: =1466 | E9: =D9/B9
A10: CNC MC | B10: ='[1]제품별 공정별 불량현황'!$C$4 | C10: =B10-D10 | D10: =44159 | E10: =D10/B10
A11: OQC | B11: ='[1]제품별 공정별 불량현황'!$C$5 | C11: 155810 | D11: =29331 | E11: =D11/B11
A12: 합계 | B12: =SUM(B8:B11) | C12: =SUM(C8:C11) | D12: =SUM(D8:D11)
A14: ▶ 불량유형별 파레토 분석
A15: 불량유형 | B15: 불량수량 | C15: 불량률 | D15: 점유율
A16: 기공 | B16: 27817 | C16: =B16/$B$8 | D16: =B16/$B$27 | E16: 박리 목표 : 5% 이내
A17: 박리 | B17: 13980 | C17: =B17/$B$8 | D17: =B17/$B$27
A18: 찍힘 | B18: 8460 | C18: =B18/$B$8 | D18: =B18/$B$27
A19: 기타(1%↓) | B19: 6429 | C19: =B19/$B$8 | D19: =B19/$B$27
A20: 주조불량 | B20: 5544 | C20: =B20/$B$8 | D20: =B20/$B$27
A21: 뜯김 | B21: 3863 | C21: =B21/$B$8 | D21: =B21/$B$27
A22: 미가공 | B22: 3709 | C22: =B22/$B$8 | D22: =B22/$B$27
A23: 미성형 | B23: 3557 | C23: =B23/$B$8 | D23: =B23/$B$27
A24: 오염(얼룩) | B24: 2983 | C24: =B24/$B$8 | D24: =B24/$B$27
A25: 스크래치 | B25: 2969 | C25: =B25/$B$8 | D25: =B25/$B$27
A26: 치수불량 | B26: 2197 | C26: =B26/$B$8 | D26: =B26/$B$27
A27: 합계 | B27: =SUM(B16:B26) | C27: =SUM(C16:C26) | D27: =SUM(D16:D26)
A29: ▶ 원인 및 개선안
A30: 불량유형 | B30: 추정 원인 | E30: 개선 방안 | H30: 예상 효과 | I30: 비고
A31: =A16 | B31: IMEB2 제품은 복잡한 형상(다수 리브/홀, 얇은 벽)으로 인해 주입 시 가스 트래핑이 발생하기 쉬운 구조임. ① 금형 주입구 설계 미흡으로 가스 배기 불완전 ② 합금 용해 시 탈가스 처리 부족 (가스 함유량 과다) ③ 금형 온도 불균형(Hot Spot)으로 국부 응고 → 가스 포집 | E31: ① 금형 Vent 위치 및 크기 재설계 (현행 대비 30% 확대) ② 주입 속도 프로파일 최적화 (저속→고속 2단계 제어) ③ 알루미늄 합금 탈가스 시간 증가 (현행 대비 20% 연장) ④ 금형 온도 모니터링 센서 추가 및 ±5°C 제어 | H31: 기공 불량률 40~50% 감소 목표 (현행 34.7% → 17~20% 수준)
A33: 불량유형 | B33: 추정 원인 | E33: 개선 방안 | H33: 예상 효과 | I33: 비고
A34: =A17 | B34: 금형 표면 온도와 용탕 온도 차이가 심할 경우 필링 발생. 또한 IMEB2는 복잡한 형상과 얇은 벽 구조로 이젝션 시 응력이 집중되어 표면 경화층이 박리되기 쉬움. 캐스팅 후 표면 산화층 미처리 시 결합력이 추가 약화됨 | E34: 박리 고정 발생 부 코어 내 방전 피막 코팅 적용 | H34: 불량률 절반 감소 목표 | I34: [수정] IMEB2 제품 특성(형상 복잡, 얇은 벽) 및 이젝션 응력 요인 추가 반영
A36: 불량유형 | B36: 추정 원인 | E36: 개선 방안 | H36: 예상 효과 | I36: 비고
A37: =A18 | B37: 자동화 라인에서 지그에 제품 안착 시, 칩에 의한 찍힘 발생. 제품 놓을 때 제위치가 아닐 경우 발생. 추가: CNC 공구 마모 시 과도한 절삭력으로 표면 찍힘 유발 가능 | E37: 자동화 로보트 제품 안착,탈착 조건 재검토 작업자 제품 취급 지속교육(세척공정, 에어 게이지 검사). 궁극적으로 검사 자동화 검토 | H37: 50% 감소 예상 | I37: [수정] CNC 공구 마모에 의한 찍힘 원인 추가 보완
A39: 불량유형 | B39: 추정 원인 | E39: 개선 방안 | H39: 예상 효과 | I39: 비고
A40: =A20 | B40: ① 주입 시 유동 경로가 길어 말단부 충진 부족 ② 금형 Setting 편차로 인한 형상 변형 및 버 발생 ③ 금형 가이드 핀 마모에 따른 상·하 금형 정렬 불량 | E40: ① 금형 주입 경로 단축 설계 검토 (오버플로우 위치 변경) ② 금형 가이드 핀 정밀 재가공 및 교체 주기 단축 ③ 주입 압력·속도 모니터링 시스템 도입 (공정 파라미터 실시간 관리) | H40: 주조불량 30% 감소 목표

Sheet NX4 HOUSING
A1: NX4 HOUSING 불량 분석
A3: 검사수량 | B3: 3512782 | C3: OK수량 | D3: 3328737 | E3: NG수량 | F3: 184045 | G3: PPM | H3: 52393
A4: 불량률(%) | B4: 5.24 | C4: 직통률(%) | D4: 94.76 | E4: 최다불량 | F4: 기공 | G4: 최다 불량 발생월 | H4: 2025-05
A6: ▶ 공정별 불량현황
A7: 공정명 | B7: 검사수량 | C7: OK수량 | D7: NG수량 | E7: 불량률(%) | F7: 전체 직통률(%)
A8: Casting | B8: ='[1]제품별 공정별 불량현황'!$C$28 | C8: =126372 | D8: =6528 | E8: =D8/B8 | F8: =1-D12/B8
A9: Blaster | B9: ='[1]제품별 공정별 불량현황'!$C$29 | C9: =121907 | D9: =1411 | E9: =D9/B9
A10: CNC MC | B10: ='[1]제품별 공정별 불량현황'!$C$26 | C10: =97146 | D10: =17795 | E10: =D10/B10
A11: OQC | B11: ='[1]제품별 공정별 불량현황'!$C$27 | C11: =98311 | D11: =12538 | E11: =D11/B11
A12: 합계 | B12: =SUM(B8:B11) | C12: =SUM(C8:C11) | D12: =SUM(D8:D11)
A14: ▶ 불량유형별 파레토 분석
A15: 불량유형 | B15: 불량수량 | C15: 불량률 | D15: 점유율
A16: 기공 | B16: 12888 | C16: =B16/$B$8 | D16: =B16/$B$27
A17: 박리 | B17: 5530 | C17: =B17/$B$8 | D17: =B17/$B$27
A18: 주조불량 | B18: 5203 | C18: =B18/$B$8 | D18: =B18/$B$27
A19: 찍힘 | B19: 5078 | C19: =B19/$B$8 | D19: =B19/$B$27
A20: 미성형 | B20: 2880 | C20: =B20/$B$8 | D20: =B20/$B$27
A21: 기타(1%↓) | B21: 1974 | C21: =B21/$B$8 | D21: =B21/$B$27
A22: 스크래치 | B22: 1503 | C22: =B22/$B$8 | D22: =B22/$B$27
A23: 뜯김 | B23: 1018 | C23: =B23/$B$8 | D23: =B23/$B$27
A24: 과사상 | B24: 812 | C24: =B24/$B$8 | D24: =B24/$B$27
A25: 치수불량 | B25: 694 | C25: =B25/$B$8 | D25: =B25/$B$27
A26: 불순물 | B26: 692 | C26: =B26/$B$8 | D26: =B26/$B$27
A27: 합계 | B27: =SUM(B16:B26) | C27: =SUM(C16:C26) | D27: =SUM(D16:D26)
A29: ▶ 원인 및 개선안
A30: 불량유형 | B30: 추정 원인 | E30: 개선 방안 | H30: 예상 효과 | I30: 비고
A31: =A16 | B31: NX4 Housing은 대량 생산 제품으로 높은 생산 속도에서 주입 조건 제어가 불안정해지기 쉬움. ① 고속 생산에 따른 금형 온도 상승 → 가스 배기 불완전 ② 주입구 설계 대비 제품 체적이 커 충진 말기 가스 포집 ③ 합금 탈가스 처리 시간 부족 (생산 속도 우선) | E31: 현재 1차 개선 후 기존 14~15% → 9.8% 수준으로 방안 설계 개선했으나 추가 개선안 검토 예정 | H31: 기공 불량률 9.8% → 5% 이하 목표 (2차 개선)
A33: 불량유형 | B33: 추정 원인 | E33: 개선 방안 | H33: 예상 효과 | I33: 비고
A34: =A17 | B34: 금형 표면 온도와 용탕 온도 차이가 심할 경우 필링 발생. NX4 Housing은 대량 고속 생산으로 금형 표면 코팅 마모가 빠르며, 반복 사출에 따른 금형 표면 상태 악화가 박리 주요 원인. 캐스팅 온도 불안정(과열/저온 반복)도 기여 | E34: 박리 고정 발생 부 코어 내 방전 피막 코팅 적용 | H34: 불량률 절반 감소 목표 | I34: [수정] NX4 Housing 대량생산 특성(금형 코팅 마모, 온도 불안정) 반영
A36: 불량유형 | B36: 추정 원인 | E36: 개선 방안 | H36: 예상 효과 | I36: 비고
A37: 주조불량, 미성형 | B37: ① 주입 압력/속도 부족으로 금형 말단부 미충전 발생 ② 유압 펌프 용량 감소(장비 노후) 및 압력 제어 밸브 응답 지연 ③ 금형 온도 저하 시 용탕 유동성 감소 → 미성형 복합 발생 | E37: ① 유압 시스템 성능 점검 및 펌프 교체 계획 수립 ② 금형 주입구 확대 검토 및 온도 센서 추가 ③ 주입 시간 프로파일 최적화 (느린→빠른 2단계) ④ 금형 점검 주기 단축 (주 1회 → 2일 1회) | H37: 주조불량·미성형 합산 30% 감소 목표
A39: 불량유형 | B39: 추정 원인 | E39: 개선 방안 | H39: 예상 효과 | I39: 비고
A40: =A19 | B40: 자동화 라인에서 지그에 제품 안착 시, 칩에 의한 찍힘 발생. 제품 놓을 때 제위치가 아닐 경우 발생. 추가: NX4 Housing 특유의 형상(돌출부)이 이송 중 타 부품과 접촉하여 찍힘 유발 | E40: 자동화 로보트 제품 안착,탈착 조건 재검토 작업자 제품 취급 지속교육(세척공정, 에어 게이지 검사). 궁극적으로 검사 자동화 검토 | H40: 50% 감소 예상 | I40: [수정] NX4 Housing 형상 특성에 의한 이송 중 접촉 찍힘 추가

Sheet NX4 COVER
A1: NX4 COVER 불량 분석
A3: ▶ 공정별 불량현황
A4: 공정명 | B4: 검사수량 | C4: OK수량 | D4: NG수량 | E4: 불량률(%) | F4: 전체 직통률(%)
A5: Casting | B5: ='[1]제품별 공정별 불량현황'!$C$23 | C5: =180460 | D5: =6826 | E5: =D5/B5 | F5: =1-D9/B5
A6: Blaster | B6: ='[1]제품별 공정별 불량현황'!$C$24 | C6: =186115 | D6: =975 | E6: =D6/B6
A7: CNC MC | B7: ='[1]제품별 공정별 불량현황'!$C$21 | C7: =163611 | D7: =28941 | E7: =D7/B7
A8: OQC | B8: ='[1]제품별 공정별 불량현황'!$C$22 | C8: =161798 | D8: =21249 | E8: =D8/B8
A9: 합계 | B9: =SUM(B5:B8) | C9: =SUM(C5:C8) | D9: =B24
A11: ▶ 불량유형별 파레토 분석
A12: 불량유형 | B12: 불량수량 | C12: 불량률 | D12: 점유율
A13: 박리 | B13: 15258 | C13: =B13/$B$5 | D13: =B13/SUM($B$13:$B$23)
A14: 기공 | B14: 9177 | C14: =B14/$B$5 | D14: =B14/SUM($B$13:$B$23)
A15: 치수불량 | B15: 6407 | C15: =B15/$B$5 | D15: =B15/SUM($B$13:$B$23)
A16: 뜯김 | B16: 6392 | C16: =B16/$B$5 | D16: =B16/SUM($B$13:$B$23)
A17: 찍힘 | B17: 6378 | C17: =B17/$B$5 | D17: =B17/SUM($B$13:$B$23)
A18: 미성형 | B18: 5595 | C18: =B18/$B$5 | D18: =B18/SUM($B$13:$B$23)
A19: 주조불량 | B19: 4111 | C19: =B19/$B$5 | D19: =B19/SUM($B$13:$B$23)
A20: 기타(1%↓) | B20: 1672 | C20: =B20/$B$5 | D20: =B20/SUM($B$13:$B$23)
A21: 스크래치 | B21: 1305 | C21: =B21/$B$5 | D21: =B21/SUM($B$13:$B$23)
A22: 오염(얼룩) | B22: 1099 | C22: =B22/$B$5 | D22: =B22/SUM($B$13:$B$23)
A23: 미가공 | B23: 597 | C23: =B23/$B$5 | D23: =B23/SUM($B$13:$B$23)
A24: 합계 | B24: =SUM(B13:B23) | C24: =SUM(C13:C23) | D24: =SUM(D13:D23)
A26: ▶ 원인 및 개선안
A27: 불량유형 | B27: 추정 원인 | E27: 개선 방안 | H27: 예상 효과 | I27: 비고
A28: =A13 | B28: 금형 표면 온도와 용탕 온도 차이가 심할 경우 필링 발생. NX4 Cover는 넓은 평면부와 얇은 벽 구조로 냉각 불균일이 심하며, 이형제 분사 불균일 시 국부적 박리 다발. 기존 온조기 최대 280도 한계로 금형 온도 제어 범위 부족 | E28: 온조기 신형 교체 (기존 최대 280도 → 신형 320도까지 가능) 이형제 분사 시간 조정 박리 고정 발생 부 코어 내 방전 피막 코팅 적용 | H28: 불량률 절반 감소 목표 | I28: [수정] NX4 Cover 형상 특성(넓은 평면, 냉각 불균일) 및 온조기 한계 반영
A30: 불량유형 | B30: 추정 원인 | E30: 개선 방안 | H30: 예상 효과 | I30: 비고
A31: =A14 | B31: 생산 중 비산(Splash) 발생이 불규칙적으로 발생하여 그로 인한 가스 혼입 및 기공으로 추정. 비스켓 두께 편차가 클 경우 주입 안정성 저하 → 가스 트래핑 증가 | E31: 설비 내 비스켓 두께 설정 → 10~16mm 외 제품은 자동 폐기하는 것으로 세팅 진행 | H31: 30% 감소 목표 | I31: [수정] 비스켓 두께 편차와 주입 안정성 연관 원인 구체화
A33: 불량유형 | B33: 추정 원인 | E33: 개선 방안 | H33: 예상 효과 | I33: 비고
A34: =A15 | B34: 2월 단발성 가공 세팅 불량으로 발생. 근본원인: 세팅 변경 시 작업 표준서 미준수 및 초품 검사 미흡. 지그 마모에 의한 클램핑 위치 편차도 기여 요인 | E34: 재세팅, 지그 개선 완료. 현재 1% 미만 | H34: 치수불량률 1% 미만 유지 (현재 재세팅 후 안정화 확인) | I34: [수정] 단발성 → 근본원인(표준서 미준수, 초품검사 미흡, 지그 마모) 추가
A36: 불량유형 | B36: 추정 원인 | E36: 개선 방안 | H36: 예상 효과 | I36: 비고
A37: =A16 | B37: 현재 디게이팅 매뉴얼 작업 시, 제품 면이 일부 과하게 뜯김. 해당 면은 가공면이라 즉시 판단이 어려워 가공 후 NG 판정. 작업자 숙련도 편차 및 디게이팅 공구 마모 상태도 영향 | E37: CNC 작업 혹은 레이저커팅 제작 검토 | H37: 100% 감소 예상 | I37: [수정] 작업자 숙련도 편차 및 공구 마모 요인 추가

Sheet TEYGEN4
A1: TEYGEN4 불량 분석
A3: ▶ 공정별 불량현황
A4: 공정명 | B4: 검사수량 | C4: OK수량 | D4: NG수량 | E4: 불량률(%) | F4: 전체 직통률(%)
A5: Casting | B5: ='[1]제품별 공정별 불량현황'!$C$33 | C5: =236860 | D5: =12058 | E5: =D5/B5 | F5: =1-D9/B5
A6: Blaster | B6: ='[1]제품별 공정별 불량현황'!$C$34 | C6: =241585 | D6: 1841 | E6: =D6/B6
A7: CNC MC | B7: ='[1]제품별 공정별 불량현황'!$C$31 | C7: =220925 | D7: =19997 | E7: =D7/B7
A8: OQC | B8: ='[1]제품별 공정별 불량현황'!$C$32 | C8: =237311 | D8: =18459 | E8: =D8/B8
A9: 합계 | B9: =SUM(B5:B8) | C9: =SUM(C5:C8) | D9: =B23
A11: ▶ 불량유형별 파레토 분석
A12: 불량유형 | B12: 불량수량 | C12: 불량률 | D12: 점유율
A13: 주조불량 | B13: 8952 | C13: =B13/$B$5 | D13: =B13/TEYGEN4!$B$23
A14: 박리 | B14: 8323 | C14: =B14/$B$5 | D14: =B14/TEYGEN4!$B$23
A15: 오염(얼룩) | B15: 7646 | C15: =B15/$B$5 | D15: =B15/TEYGEN4!$B$23
A16: 찍힘 | B16: 6799 | C16: =B16/$B$5 | D16: =B16/TEYGEN4!$B$23
A17: 기공 | B17: 5428 | C17: =B17/$B$5 | D17: =B17/TEYGEN4!$B$23
A18: 기타(1%↓) | B18: 5194 | C18: =B18/$B$5 | D18: =B18/TEYGEN4!$B$23
A19: 미성형 | B19: 3803 | C19: =B19/$B$5 | D19: =B19/TEYGEN4!$B$23
A20: 뜯김 | B20: 2363 | C20: =B20/$B$5 | D20: =B20/TEYGEN4!$B$23
A21: 변형/휨 | B21: 2119 | C21: =B21/$B$5 | D21: =B21/TEYGEN4!$B$23
A22: 수축 | B22: 1728 | C22: =B22/$B$5 | D22: =B22/TEYGEN4!$B$23
A23: 합계 | B23: =SUM(B13:B22) | C23: =SUM(C13:C22) | D23: =SUM(D13:D22)
A24: ▶ 원인 및 개선안
A25: 불량유형 | B25: 추정 원인 | E25: 개선 방안 | H25: 예상 효과 | I25: 비고
A26: 주조 불량, 기공, 변형/휨 | B26: 제품 세로 방향 게이트로 인해 충진 속도가 늦어지고 게이트 부가 먼저 식으며 제품의 수축 변형 발생. 제품 말단부에 기공 다량 발생. 추가: 세로 게이트 구조 특성상 에어 트랩 발생 확률이 높아 기공과 변형이 복합적으로 발생 | E26: 제품 가로 방향 게이트 설계 반영 금형 제작 및 검증 완료. 고객사 승인 대기 중 | H26: 공정 간소화 (LVDT 검사 및 보정 공정 삭제) 가공치수 안정화 | I26: [수정] 에어 트랩 복합 발생 메커니즘 추가 설명
A28: 불량유형 | B28: 추정 원인 | E28: 개선 방안 | H28: 예상 효과 | I28: 비고
A29: =A14 | B29: 금형 표면 온도와 용탕 온도 차이가 심할 경우 필링 발생. 이즈미 설비 형체력 감소 문제로 금형 밀착도 저하 → 박리 악화. 형체력 부족 시 주입 압력에 의한 금형 미세 개방으로 표면 품질 저하 및 박리 촉진 | E29: 변경 게이트 도요 350t 생산 시 박리 개선 효과 있음 (충진율, 흐름성 개선, 제품 내 온도차 감소) | H29: 불량률 절반 감소 목표 | I29: [수정] 형체력 부족→금형 미세 개방→표면 품질 저하 메커니즘 상세화
A31: 불량유형 | B31: 추정 원인 | E31: 개선 방안 | H31: 예상 효과 | I31: 비고
A32: =A15 | B32: CNC 자동화 → 세척 이동 사이 제품 대기 시간 증가로 얼룩 발생. 대기 중 표면 산화 및 절삭유 잔류물 건조로 인한 얼룩 고착. 공장 환경 습도 관리 미흡 시 산화 촉진 | E32: CNC 자동화 라인에서 자동 세척라인 연결 | H32: 불량률 1%미만 | I32: [수정] 산화 및 절삭유 건조 메커니즘, 습도 요인 추가
A34: 불량유형 | B34: 추정 원인 | E34: 개선 방안 | H34: 예상 효과 | I34: 비고
A35: =A16 | B35: 자동화 라인에서 지그에 제품 안착 시, 칩에 의한 찍힘 발생. 제품 놓을 때 제위치가 아닐 경우 발생. 추가: TEYGEN4는 얇은 벽 부위가 있어 경미한 충격에도 찍힘 발생 가능 | E35: 자동화 로보트 제품 안착,탈착 조건 재검토 작업자 제품 취급 지속교육(세척공정, 에어 게이지 검사). 궁극적으로 검사 자동화 검토 | H35: 50% 감소 예상 | I35: [수정] TEYGEN4 얇은 벽 구조 취약성 반영

Sheet 종합차트
A1: 전체 분석 차트 모음
A4: ▶ 부품별 월별 불량율 비교
A30: ▶ 공정별 불량율
A52: ▶ 상위 5 불량유형 추이
