Workbook

Sheet 종합요약
A1: 설비구매 제품별 비교분석 종합요약
A2: 8개 제조사 24건 | 환율기준: 2026.03.15 (1 SGD=0.78 USD, 1 JPY=0.00627 USD, 1 KRW=0.000689 USD)
I3: FOB
A4: No | B4: 제조사 | C4: 모델명 | D4: 제품유형 | E4: 스트로크 (X×Y×Z) | F4: USD 단가 | G4: 옵션 후 USD 단가 | H4: 수량 | I4: 출하조건 | J4: 원산지/출하지
A5: 1 | B5: Sodick | C5: GS540L+ | D5: 가공기 | E5: 520 x 420 x 300 mm | F5: 140000 | G5: =F5+'가공기 비교'!B34 -> 160000 | H5: 1 | I5: FOB China | J5: China
A6: 2 | B6: Sodick | C6: UX650L (고급) | D6: 가공기 | E6: 650 x 550 x 300 mm | F6: 260000 | G6: =F6+'가공기 비교'!C34 -> 275000 | H6: 1 | I6: FOB Japan | J6: Japan
A7: 3 | B7: DN Solutions | C7: T4000HS | D7: 가공기 | E7: 520 X 400 X 350 mm | F7: 52730 | G7: =F7+'가공기 비교'!D34 -> 84730 | H7: 1 | I7: DDP Korea | J7: Republic of Korea
A8: 4 | B8: DN Solution | C8: DNM4000 | D8: 가공기 | E8: 520 X 400 X 480 mm | F8: 75400 | G8: =F8+'가공기 비교'!E34 -> 110400 | I8: DDP Korea | J8: Republic of Korea
A9: 5 | B9: Makino | C9: F3 | D9: 가공기 | E9: 350 x 300 x 300 mm | F9: 195174 | H9: 1 | I9: CIF Hai Phong | J9: Singapore
A10: 6 | B10: Makino | C10: V33i | D10: 가공기 | E10: 350 x 300 x 300 mm | F10: 209335 | H10: 1 | I10: CIF Hai Phong | J10: Japan
A11: 7 | B11: GF | C11: HSM 500 | D11: 가공기 | E11: 500 x 450 x 350 mm | F11: 285000 | G11: =F11+'가공기 비교'!H34 -> 320000 | H11: 1 | I11: FOB China | J11: China
A12: 8 | B12: 코마텍 | C12: KT420 | D12: 가공기 | E12: 560 x 420 x 300 mm | F12: 43500 | G12: =F12+'가공기 비교'!I34 -> 58000 | H12: 1 | I12: FOB Busan | J12: Republic of Korea
A13: 9 | B13: 코마텍 | C13: KT420A | D13: 가공기 | E13: 560 x 420 x 480 mm | F13: 46700 | G13: =F13+'가공기 비교'!J34 -> 61200 | H13: 1 | I13: FOB Busan | J13: Republic of Korea
A14: 10 | B14: 화천 | C14: SIRIUS-UM+ | D14: 가공기 | E14: 750 x 500 x 450 mm | F14: 137770 | G14: =F14 -> 137770 | H14: 1 | I14: DDP Vietnam | J14: Republic of Korea
A15: 11 | B15: Sodick | C15: AL40G | D15: 방전기 | E15: 400 x 300 x 270 mm | F15: 138000 | G15: =F15 -> 138000 | H15: 1 | I15: FOB Thailand | J15: Thailand
A16: 12 | B16: Sodick | C16: AL60G | D16: 방전기 | E16: 600 x 400 x 370 mm | F16: 149000 | G16: =F16 -> 149000 | H16: 1 | I16: FOB Thailand | J16: Thailand
A17: 13 | B17: Makino | C17: Edge3i | D17: 방전기 | E17: 350 x 250 x 250 mm | F17: 126624 | G17: =F17 -> 126624 | H17: 1 | I17: CIF Hai Phong | J17: China
A18: 14 | B18: GF | C18: FORM P 350 | D18: 방전기 | E18: 350 x 250 x 300 mm | F18: 145000 | G18: =F18 -> 145000 | H18: 1 | I18: FOB China | J18: China
A19: 15 | B19: Sodick | C19: AL400G | D19: 와이어커팅기 | E19: 400 x 300 x 250 mm | F19: 130000 | G19: =F19 -> 130000 | H19: 1 | I19: FOB Thailand | J19: Thailand
A20: 16 | B20: Sodick | C20: AL600G | D20: 와이어커팅기 | E20: 600 x 400 x 350 mm | F20: 135000 | G20: =F20 -> 135000 | H20: 1 | I20: FOB Thailand | J20: Thailand
A21: 17 | B21: Makino | C21: U6 | D21: 와이어커팅기 | E21: 600 x 400 x 350 mm | F21: 140000 | G21: =F21 -> 140000 | H21: 1 | I21: CIF Hai Phong | J21: Singapore
A22: 18 | B22: Makino | C22: U3 | D22: 와이어커팅기 | E22: 370 x 270 x 220 mm | F22: 125000 | G22: =F22 -> 125000 | H22: 1 | I22: CIF Hai Phong | J22: Singapore
A23: 19 | B23: GF | C23: CUT E 350 | D23: 와이어커팅기 | E23: 350 x 250 x 250 mm | F23: 127000 | G23: =F23 -> 127000 | H23: 1 | I23: FOB China | J23: China
A24: 20 | B24: GF | C24: CUT E 600 | D24: 와이어커팅기 | E24: 600 x 400 x 350 mm | F24: 145000 | G24: =F24 -> 145000 | H24: 1 | I24: FOB China | J24: China
A25: 21 | B25: SPM | C25: S43 | D25: 와이어커팅기 | E25: 400 x 300 x 250 mm | F25: 76000 | G25: =F25 -> 76000 | H25: 1 | I25: FOB Korea | J25: Republic of Korea
... A28: 24 | B28: FANUC | C28: α-C800iC | D28: 와이어커팅기 | E28: 800 x 600 x 310 mm | F28: 131034 | G28: =F28 -> 131034 | H28: 1 | I28: 한국화낙 경유 | J28: Japan

Sheet 가공기 비교
A1: 가공기 (Machining Center) 비교분석
A2: 환율기준: 1 SGD=0.78 USD, 1 JPY=0.00627 USD, 1 KRW=0.000689 USD | 2026.03.15
A4: 항목 | B4: Sodick GS540L+ | C4: Sodick UX650L | D4: DN Solution T4000HS | E4: DN Solution DNM4000 | F4: Makino F3 | G4: Makino V33i | H4: GF HSM 500 | I4: 코마텍 KT420 | J4: 코마텍 KT420A | K4: 화천 SIRIUS-UM+
A5: 유형 | B5: CNC Linear Motor 밀링 | C5: CNC Linear Motor 밀링 | D5: 탭핑센터 | E5: 머시닝센터 | F5: CNC 밀링 | G5: CNC 밀링 | H5: 고속 밀링 (High Speed) | I5: Vertical Tapping Center | J5: Vertical Tapping Center | K5: CNC 수직형 머시닝센터
A6: 스트로크 (X×Y×Z) | B6: 520 x 420 x 300 mm | C6: 650 x 550 x 300 mm | D6: 520 x 400 x 350 mm | E6: 520 x 400 x 480 mm | F6: 350 x 300 x 300 mm | G6: 350 x 300 x 300 mm | H6: 500 x 450 x 350 mm | I6: 560 x 420 x 300 mm | J6: 560 x 420 x 480 mm | K6: 750 x 500 x 450 mm
A7: 테이블 크기 | B7: 650 x 450 mm | C7: 850 x 500 mm | D7: 650 x 400 mm | E7: 650 x 400 mm | F7: 500 x 400 mm | G7: 500 x 350 mm | H7: 550 x 450 mm | I7: 660 x 400 mm | J7: 660 x 400 mm | K7: 850 x 500 mm
A8: 스핀들 속도 | B8: 18,000 rpm (BT30) | C8: 20,000 rpm | D8: 24,000 rpm (Fanuc 0i) | E8: 20,000 rpm (Fanuc 0i) | F8: 20,000 rpm | G8: 20,000 rpm | H8: 42,000 rpm (HSK-E40) | I8: 24,000 rpm | J8: 24,000 rpm | K8: 20,000 rpm (Fanuc 31i-B Plus)
A9: 공구 매거진 | B9: ATC 21T / BT30 | C9: BT30 / 20T | D9: BT30 / 21T (Armless tyep) | E9: BT40 / 20T | F9: BT30 / 20T | G9: BT30 / 20T | H9: HSK-E40 / 36T | I9: BT30 / TURRET 28T | J9: BT30 / TWIN-ARM 26T | K9: BBT-40 / 30T (서보모터 타입)
A10: CNC 시스템 | B10: Sodick LN4S | C10: Sodick | D10: Fanuc 0i- Plus | E10: Fanuc 0i- Plus | F10: Makino Professional 6 | G10: Makino Professional 6 | H10: Heidenhain TNC7 | I10: Mitsubishi M80A (10.4") | J10: Mitsubishi M80A (10.4") | K10: Fanuc 31i-B Plus
A11: 원산지/출하지 | B11: Sodick (출하지 미명시) | C11: Japan | D11: Korea (DN Solutions) | E11: Korea (DN Solutions) | F11: Japan/Singapore (Makino Asia) | G11: Japan (METI 승인 필요) | H11: Switzerland (GF Machining Solutions) | I11: Republic of Korea | J11: Republic of Korea | K11: Republic of Korea (화천)
A12: 출하조건 (Incoterms) | B12: FOB (출하지 미명시) | C12: FOB Japan | D12: DDP (베트남 현지 운송/설치 포함) | E12: DDP (베트남 현지 운송/설치 포함) | F12: CIF Hai Phong | G12: CIF Hai Phong | H12: FOB (GF Korea 경유) | I12: FOB Busan | J12: FOB Busan | K12: DDP (공장 도착 및 설치 후 인도)
A13: 칩 컨베이어 (Scrapper type) | B13: 5000 | C13: 불가 | D13: 4870 | E13: 5770 | H13: 옵션 | I13: 2800 | J13: 2800 | K13: 3400
A14: 이동형 MPG | B14: 표준 | C14: 표준 | D14: 표준 | E14: 표준 | H14: 표준 | I14: 표준 | J14: 표준 | K14: 표준
A15: 테이퍼 세정 장치 | B15: 표준 | C15: 표준 | D15: 표준 (AIR) | E15: 표준 (AIR) | H15: 옵션 | K15: 표준
A16: 오일 스키머 | B16: 확인필요 | C16: 4000 | D16: 옵션 | E16: 옵션 | H16: 표준 | I16: 표준 | J16: 표준 | K16: 800
A17: 오일 미스트 클리너 | B17: 표준 | C17: 표준 | D17: Oil Mist Collector 0.75 KW_WATER SOLUBLE | E17: Oil Mist Collector 2.2 KW_WATER SOLUBLE | H17: 표준 | K17: 1800
A18: 공압 지그 인터페이스 | B18: 표준 | C18: 표준 | D18: PNEUMATIC FIXTURE INTERFACE A LINE_1 PAIR | E18: PNEUMATIC FIXTURE INTERFACE A LINE_1 PAIR | H18: 옵션 | I18: 표준 | J18: 표준 | K18: 570
A19: 에어착좌 | B19: 표준 | C19: 표준 | D19: WORK LOCATING CONFIRMATION AIR LIMIT SENSING_2 PORT | E19: WORK LOCATING CONFIRMATION AIR LIMIT SENSING_2 PORT | H19: 옵션 | I19: 옵션 | J19: 옵션 | K19: 검토 제외
A20: 공구길이 측정장치 | B20: 표준 | C20: 표준 | D20: TS27R_RENISHAW | E20: TS27R_RENISHAW | H20: BLUM Novotec | I20: LTS : Renishaw | J20: LTS : Renishaw | K20: Renishaw LTS, $1,200
A21: 공구파손 검출장치 | B21: 표준 | C21: 표준 | D21: TS27R_RENISHAW | E21: TS27R_RENISHAW | H21: BLUM Novotec | I21: LTS : Renishaw | J21: LTS : Renishaw | K21: 표준 (공구과부하 검출 시스템)
A22: 가공소재 측정장치 | B22: 표준 | C22: 표준 | D22: OMP40_RENISHAW | E22: OMP40_RENISHAW | H22: M&H | I22: OMP40: Renishaw | J22: OMP40: Renishaw | K22: Renishaw OMP-40, $7,000
A23: 툴 모니터링 시스템 | B23: 표준 | C23: 표준 | D23: TOOL LOAD MONITORING | E23: TOOL LOAD MONITORING | H23: BLUM Novotec | I23: 표준 | J23: 표준 | K23: 표준 (공구과부하 검출 시스템)
A24: 주축 냉각장치 | B24: 표준 | C24: 표준 | D24: 미적용 | E24: 표준 | H24: 표준 | I24: 표준 | J24: 표준 | K24: Oil Cooler (Spindle Jacket Cooling)
A25: 반복 정밀도 | B25: ±3um | C25: ±3um | D25: X축 5미크론, Y/Z 4미크론 | E25: X/Z축 5미크론, Y 4미크론 | H25: 5um | I25: ±3um | J25: ±3um | K25: +/- 2um
A26: 절삭유 탱크 용량 | B26: 200L | C26: 165L | D26: 200L | E26: 200L | H26: 150L | I26: 220L | J26: 220L | K26: 250L
A27: 절삭유 모터 용량 | B27: 0.75Kw | C27: 1.1Kw | D27: 0.4KW 표준 (Flushing 1.1KW 표준) | E27: 1.1KW옵션 (0.4KW 표준) | H27: 30l/min | I27: 1.1KW | J27: 1.1KW | K27: 0.75kW
A28: Tool Change time | B28: 1.5초 | C28: 2초 | D28: Tool-to-tool : 1.5초 | E28: Tool-to-tool : 1.3초 | H28: 10초 | I28: 1.2초 | J28: 1.2초 | K28: Tool-to-tool : 1.6초
A29: 자동문 and 로봇 인터페이스 | B29: 15000 | C29: 15000 | D29: PMC I/O MODULE TYPE | E29: PMC I/O MODULE TYPE | H29: 표준 | I29: 옵션 | J29: 옵션 | K29: 자동문 $800 / 로봇 I/F $570
A30: 전장박스 에어컨 | B30: 표준 | C30: 표준 | D30: AIR CONDITIONER | E30: AIR CONDITIONER | H30: 표준 (fan with radiator) | I30: 옵션 | J30: 옵션 | K30: 1700
A31: 천장 덮개 | B31: 표준 | C31: 표준 | D31: 표준 | E31: 표준 | H31: 표준 | I31: 옵션 | J31: 옵션 | K31: 표준
A32: 도어록 | B32: 표준 | C32: 표준 | D32: 표준 | E32: 표준 | H32: 표준 | I32: 표준 | J32: 표준 | K32: 표준
A33: 급 이송 속도 (X,Z) | B33: 40m/min | C33: 40m/min | D33: 48m/min | E33: 48m/min | H33: 42m/min(X,Y,Z) | I33: 60m/min(X,Y,Z) | J33: 60m/min(X,Y,Z) | K33: 24m/min(X,Y,Z)
A34: 옵션 총 가격 | B34: 20000 | C34: 15000 | D34: 32000 | E34: 35000 | H34: 35000 | I34: 14500 | J34: 14500 | K34: 17440

Sheet 방전기 비교
A1: 방전기 (Die-sinker EDM) 비교분석
A2: 환율기준: 1 SGD=0.78 USD | 2026.03.15
A4: 항목 | B4: Sodick AL40G | C4: Sodick AL60G | D4: Makino Edge3i | E4: GF FORM P 350
A5: 유형 | B5: Die-sinker EDM | C5: Die-sinker EDM | D5: Die-sinker EDM | E5: Die-sinker EDM
A6: 스트로크 (X×Y×Z) | B6: 400 x 300 x 270 mm | C6: 600 x 400 x 370 mm | D6: 350 x 250 x 250 mm | E6: 350 x 250 x 300 mm
A7: 테이블 크기 | B7: 550 x 350 mm | C7: 750 x 450 mm | D7: 450 x 350 mm | E7: 500 x 400 mm
A8: 스핀들 속도 | B8: - | C8: - | D8: - | E8: -
A9: 공구 매거진 | B9: - | C9: - | D9: 16-station ATC | E9: -
A10: CNC 시스템 | B10: Sodick LN2W | C10: Sodick LN2W | D10: Makino Hyper-i | E10: AC FORM HMI
A11: 원산지/출하지 | B11: Thailand | C11: Thailand | D11: China | E11: China
A12: 출하조건 (Incoterms) | B12: FOB Thailand | C12: FOB Thailand | D12: CIF Hai Phong | E12: FOB (GF Korea 경유)
A13: 급 이송 속도 | B13: 6m/min | C13: 6m/min | D13: 6m/min | E13: 6 m/min
A14: 치수(위치) 정밀도 (확인) | B14: ±3~5um /1~2um | C14: ±3~5um /1~2um | D14: ±3um /3um | E14: 위치 : 5um, 정밀도 : 3um
A15: Z축의 이동속도 | B15: 36m/min | C15: 36m/min | D15: 18m/min | E15: 15 m/ min
... A18: 로봇 인테페이스 | B18: 가능 | C18: 가능 | D18: Yes | E18: YES
A19: Tool 매거진 (수량) | B19: 4~6, 16, 32ea전부 옵션선택 | C19: 4~6, 16, 32ea 전부 옵션선택 | D19: 32 | E19: 32
A20: 에로아 척 | B20: 가능 | C20: 가능 | D20: Yes | E20: YES

Sheet 와이어커팅기 비교
A1: 와이어커팅기 (Wire-cut EDM) 비교분석
A2: 환율기준: 1 SGD=0.78 USD, 1 JPY=0.00627 USD, 1 KRW=0.000689 USD | 2026.03.15
A4: 항목 | B4: Sodick AL400G | C4: Sodick AL600G | D4: Makino U3 | E4: GF CUT E 350 | F4: GF CUT E 600 | G4: SPM S43 | H4: SPM S64 | I4: FANUC α-C600iC | J4: FANUC α-C800iC
A5: 유형 | B5: Wire-cut EDM | C5: Wire-cut EDM | D5: Wire-cut EDM | E5: Wire-cut EDM | F5: Wire-cut EDM | G5: Wire-cut EDM (Linear Motor) | H5: Wire-cut EDM (Linear Motor) | I5: Wire-cut EDM | J5: Wire-cut EDM
A6: 스트로크 (X×Y×Z) | B6: 400 x 300 x 250 mm | C6: 600 x 400 x 350 mm | D6: 370 x 270 x 220 mm | E6: 350 x 250 x 250 mm | F6: 600 x 400 350 | G6: 400 x 300 x 250 mm | H6: 600 x 400 x 350 mm | I6: 600 x 400 x 310 mm | J6: 800 x 600 x 310 mm
A7: 테이블 크기 | B7: 560 x 370 mm | C7: 760 x 560 mm | D7: 540 x 390 mm | E7: T-type base | F7: 950 x 630 | G7: SPM 공작물 고정 테이블 | H7: SPM 공작물 고정 테이블 | I7: 최대공작물 1050 x 820 mm | J7: 최대공작물 1250 x 1020 mm
A8: 스핀들 속도 | B8: - | C8: - | D8: - | E8: - | F8: - | G8: - | H8: - | I8: - | J8: -
A9: 공구 매거진 | B9: - | C9: - | D9: - | E9: - | F9: - | G9: - | H9: - | I9: - | J9: -
A10: CNC 시스템 | B10: Sodick LN2W | C10: Sodick LN2W | D10: Makino Hyper-i | E10: UNIQUA HMI | F10: UNIQUA HMI | G10: SPM Ez Control MMI | H10: SPM Ez Control MMI | I10: FANUC (15" Touch Panel) | J10: FANUC (15" Touch Panel)
A11: 원산지/출하지 | B11: Thailand | C11: Thailand | D11: Singapore | E11: China | F11: China | G11: Republic of Korea (SPM, 안산) | H11: Republic of Korea (SPM, 안산) | I11: Japan (FANUC) | J11: Japan (FANUC)
A12: 출하조건 (Incoterms) | B12: FOB Thailand | C12: FOB Thailand | D12: CIF Hai Phong | E12: FOB | F12: FOB | G12: FOB Korea | H12: FOB Korea | I12: 고객 지정 장소 상차도 (한국화낙 경유) | J12: 고객 지정 장소 상차도 (한국화낙 경유)
A13: 급 이송 속도 | B13: 3m/min | C13: 3m/min | D13: 3m/min | E13: 3m/min(X,Y) | F13: 3m/min(X,Y) | G13: - | H13: - | I13: 2m/min | J13: 2m/min
A14: 치수(위치) 정밀도 (확인) | B14: ±2~3um /1~2um | C14: ±2~3um /1~2um | D14: ±3um /3um | E14: 위치 : 5um, 정밀도 : 3um | F14: 위치 : 5um, 정밀도 : 3um | G14: 리니어 스케일 0.0001mm | H14: 리니어 스케일 0.0001mm | I14: - | J14: -
A15: Z축의 이동속도 | B15: 2m/min | C15: 2m/min | D15: 3m/min | E15: 3m/min | F15: 3m/min | G15: - | H15: - | I15: - | J15: -
... A19: 와이어 자동 결선 장치 | B19: FJ AWT | C19: FJ AWT | D19: Yes | E19: YES | F19: YES | G19: AWF 표준 | H19: AWF 표준 | I19: AWF 표준 | J19: AWF 표준

Sheet USD 가격순위
A1: USD 기준 가격순위 (제품유형별)
A2: 단가 기준 오름차순 | 환율기준: 2026.03.15
A4: ▶ 가공기
A5: 순위 | B5: 제조사 | C5: 모델명 | D5: USD 단가 | E5: 원화 가격 | F5: 통화 | G5: 수량 | H5: USD 총액 | I5: 출하조건/원산지
A6: 1 | B6: 코마텍 | C6: KT420 | D6: $43,500 | E6: $43,500 | F6: USD | G6: 2 | H6: $87,000 | I6: FOB Busan / Republic of Korea
A7: 2 | B7: 코마텍 | C7: KT420A | D7: $46,700 | E7: $46,700 | F7: USD | G7: 2 | H7: $93,400 | I7: FOB Busan / Republic of Korea
A8: 3 | B8: 화천 | C8: SIRIUS-UM+ | D8: $137,770 | E8: $137,770 | F8: USD | G8: 1 | H8: $137,770 | I8: DDP Vietnam / Republic of Korea
A9: 4 | B9: Sodick | C9: GS540L+ | D9: $140,000 | E9: $140,000 | F9: USD | G9: 1 | H9: $140,000 | I9: FOB (출하지 미명시) / Sodick (출하지 미명시)
A10: 5 | B10: Makino | C10: F3 | D10: $195,174 | E10: 250,223.00 | F10: SGD | G10: 1 | H10: $195,174 | I10: CIF Hai Phong / Japan/Singapore (Mak
A11: 6 | B11: Makino | C11: V33i | D11: $209,335 | E11: 33,386,790.00 | F11: JPY | G11: 1 | H11: $209,335 | I11: CIF Hai Phong / Japan (METI 승인 필요)
A12: 7 | B12: DN Solutions | C12: DVF5000 | D12: $225,990 | E12: $225,990 | F12: USD | G12: 1 | H12: $225,990 | I12: DDP (베트남 현지 운송/설치 포함) / Korea (DN Solutions)
A13: 8 | B13: Sodick | C13: UX650L | D13: $260,000 | E13: $260,000 | F13: USD | G13: 1 | H13: $260,000 | I13: FOB Japan / Japan
A14: 9 | B14: GF | C14: HSM 500 | D14: $285,000 | E14: $285,000 | F14: USD | G14: 1 | H14: $285,000 | I14: FOB (GF Korea 경유) / Switzerland (GF Mach
A16: ▶ 방전기
A17: 순위 | B17: 제조사 | C17: 모델명 | D17: USD 단가 | E17: 원화 가격 | F17: 통화 | G17: 수량 | H17: USD 총액 | I17: 출하조건/원산지
A18: 1 | B18: Makino | C18: Edge3i | D18: $126,624 | E18: 162,338.60 | F18: SGD | G18: 1 | H18: $126,624 | I18: CIF Hai Phong / Japan/Singapore (MET
A19: 2 | B19: Sodick | C19: AL40G | D19: $138,000 | E19: $138,000 | F19: USD | G19: 1 | H19: $138,000 | I19: FOB Thailand / Thailand
A20: 3 | B20: Sodick | C20: AL60G | D20: $149,000 | E20: $149,000 | F20: USD | G20: 1 | H20: $149,000 | I20: FOB Thailand / Thailand
A21: 4 | B21: GF | C21: FORM P 350 | D21: $310,000 | E21: $310,000 | F21: USD | G21: 2 | H21: $620,000 | I21: FOB (GF Korea 경유) / Switzerland (GF Mach
A23: ▶ 와이어커팅기
A24: 순위 | B24: 제조사 | C24: 모델명 | D24: USD 단가 | E24: 원화 가격 | F24: 통화 | G24: 수량 | H24: USD 총액 | I24: 출하조건/원산지
A25: 1 | B25: SPM | C25: S43 | D25: $76,000 | E25: $76,000 | F25: USD | G25: 1 | H25: $76,000 | I25: FOB Korea / Republic of Korea
A26: 2 | B26: FANUC | C26: α-C600iC | D26: $96,552 | E26: ₩140,000,000 | F26: KRW | G26: 1 | H26: $96,552 | I26: 한국화낙 경유 / Japan
A27: 3 | B27: SPM | C27: S64 | D27: $98,000 | E27: $98,000 | F27: USD | G27: 1 | H27: $98,000 | I27: FOB Korea / Republic of Korea
A28: 4 | B28: Makino | C28: U3 | D28: $124,623 | E28: 159,773.00 | F28: SGD | G28: 1 | H28: $124,623 | I28: CIF Hai Phong / Japan/Singapore (MET
A29: 5 | B29: GF | C29: CUT E 350 | D29: $127,000 | E29: $127,000 | F29: USD | G29: 1 | H29: $127,000 | I29: FOB (GF Korea 경유) / Switzerland (GF Mach
A30: 6 | B30: Sodick | C30: AL400G | D30: $130,000 | E30: $130,000 | F30: USD | G30: 1 | H30: $130,000 | I30: FOB Thailand / Thailand
A31: 7 | B31: FANUC | C31: α-C800iC | D31: $131,034 | E31: ₩190,000,000 | F31: KRW | G31: 1 | H31: $131,034 | I31: 한국화낙 경유 / Japan
A32: 8 | B32: Sodick | C32: AL600G | D32: $135,000 | E32: $135,000 | F32: USD | G32: 1 | H32: $135,000 | I32: FOB Thailand / Thailand
A33: 9 | B33: Makino | C33: U6 | D33: $140,000 | E33: 179,487.00 | F33: SGD | G33: 1 | H33: $140,000 | I33: CIF Hai Phong / Singapore
A34: 10 | B34: GF | C34: CUT E 600 | D34: $145,000 | E34: $145,000 | F34: USD | G34: 1 | H34: $145,000 | I34: FOB (GF Korea 경유) / China

Sheet 거래조건 비교
A1: 거래조건 비교
A2: 5개 제조사 전체 — 견적서 원문 기준
A4: 제품유형 | B4: 제조사 | C4: 모델명 | D4: 결제조건 | E4: 납기 | F4: 보증 | G4: 출하조건 (Incoterms) | H4: 원산지/출하지
A5: 가공기 | B5: Sodick | C5: GS540L+ | D5: 30% 선급, 70% 선적 전 | E5: 4~5개월 (P/O 후) | F5: 1년 | G5: FOB (출하지 미명시) | H5: Sodick (출하지 미명시)
A6: 가공기 | B6: Sodick | C6: UX650L | D6: 30% 선급, 70% 선적 전 | E6: 6~7개월 (P/O 후) | F6: 1년 | G6: FOB Japan | H6: Japan
A7: 가공기 | B7: DN Solutions | C7: DVF5000 | D7: 20% 선급, 70% 선적 전, 10% FAC 후 | E7: 5개월 (P/O 후) | F7: 12개월 (Fanuc 24개월) | G7: DDP (베트남 현지 운송/설치 포함) | H7: Korea (DN Solutions)
A8: 가공기 | B8: Makino | C8: F3 | D8: 20% 선급, 80% 선적 전 | E8: 12~16주 (P/O 후) | F8: 12개월 (커미셔닝 후) 또는 13개월 (선적 후) | G8: CIF Hai Phong | H8: Singapore
A9: 가공기 | B9: Makino | C9: V33i | D9: 20% 선급, 80% 선적 전 | E9: 12~16주 (P/O 후) | F9: 12개월 (커미셔닝 후) 또는 13개월 (선적 후) | G9: CIF Hai Phong | H9: Japan
A10: 가공기 | B10: GF | C10: HSM 500 | D10: TBD | E10: TBD | F10: Bronze CSP (Recover fast) | G10: FOB (GF Korea 경유) | H10: Switzerland (GF Machining Solutions)
A11: 가공기 | B11: 코마텍 | C11: KT420 | D11: 30% 선급, 70% 선적 전 | E11: 3개월 (주문 후) | F11: 1년 | G11: FOB Busan | H11: Republic of Korea
A12: 가공기 | B12: 코마텍 | C12: KT420A | D12: 30% 선급, 70% 선적 전 | E12: 3개월 (주문 후) | F12: 1년 | G12: FOB Busan | H12: Republic of Korea
A13: 방전기 | B13: Sodick | C13: AL40G | D13: 30% 선급, 70% 선적 전 | E13: 4~5개월 (P/O 후, METI) | F13: 1년 | G13: FOB Thailand | H13: Thailand
A14: 방전기 | B14: Sodick | C14: AL60G | D14: 30% 선급, 70% 선적 전 | E14: 4~5개월 (P/O 후, METI) | F14: 1년 | G14: FOB Thailand | H14: Thailand
A15: 방전기 | B15: Makino | C15: Edge3i | D15: 20% 선급, 80% 선적 전 | E15: 12~16주 (P/O 후) | F15: 12개월 (커미셔닝 후) 또는 13개월 (선적 후) | G15: CIF Hai Phong | H15: China
... A25: 와이어커팅기 | B25: FANUC | C25: α-C800iC | D25: 30% 계약 시, 잔금 납품 후 현금 | E25: 3개월 (계약일로 부터) | F25: 2년 (설치 후, 국내기준) | G25: 고객 지정 장소 상차도 (한국화낙 경유) | H25: Japan (FANUC)
A27: ※ 참고사항
A28: • Sodick AL40G/AL60G/AL400G/AL600G: 견적서상 FOB Thailand (태국 공장 출하), Sodick Korea 경유
A29: • Sodick UX650L: 견적서상 FOB Japan (일본 출하), 납기 6~7개월
A30: • Sodick GS540L+: 견적서상 출하지 미명시 (Sodick Korea 발행)
A31: • Makino 전모델: CIF Hai Phong 조건 (운임/보험 포함가), Makino Asia (Singapore) 경유, METI/TSC 승인 필요
A32: • DN Solutions DVF5000: DDP 조건 (베트남 현지법인 발행, 통관/운송/설치비 포함), 결제 20%+70%+10%(FAC)
A33: • GF 전모델: FOB 기준 (GF Korea 경유, 스위스 제조)
A34: • 코마텍: FOB Busan (한국 제조)
A35: • 화천: DDP 조건 (화천베트남법인 발행, 운송/설치/시운전 포함), 결제 30%+50%+20%
A36: • SPM: FOB Korea (한국 안산 제조), 결제 30%+70%, 납기 3개월
A37: • FANUC: 한국화낙 경유 (일본 제조), 결제 30%+잔금, 납기 3개월, 보증 2년
A39: GF 자동화 | B39: GF | C39: System 3R | D39: $472,000 (턴키 솔루션)

Sheet GF 자동화 상세
A1: GF 자동화 턴키 솔루션 상세
A2: GFMS 견적서 기준 | M&C Electronics Vina | FOB/USD
A4: 기계타입 | B4: 기계명 | C4: 스트로크 (mm) | D4: 수량 | E4: 가격 (USD) | F4: 옵션
A5: 방전기 | B5: Form P 350 | C5: 350 x 250 x 300 | D5: 2 | E5: $310,000 | F5: C축, Erowa ITS 척, 오토메이션 키트
A6: 와이어 방전기 | B6: CUT E 350 | C6: 350 x 250 x 250 | D6: 1 | E6: $127,000 | F6: D 0.25 와이어 가이드, 자동 결선 유닛
A7: 밀링 (고속) | B7: HSM 500 | C7: 500 x 450 x 350 | D7: 1 | E7: $285,000 | F7: 42,000 rpm, 36 ATC, HSK E40, 레이저 메저링, 로봇 인터페이스
A8: 자동화 | B8: System 3R Automation | C8: - | D8: 1 | E8: $472,000 | F8: Fanuc R-2000iC 로봇, S3R WSM 소프트웨어, 다이나픽스 척 4ea, 다이나픽스 팔레트 10ea, Erowa ITS 홀더 100ea
D10: TOTAL | E10: $1,194,000
A12: ※ GF 자동화 턴키 솔루션: 방전기 2대 + 와이어커팅기 1대 + 밀링 1대 + 자동화 시스템 통합 패키지
A13: ※ 자동화 시스템 구성: Fanuc 로봇 + S3R 워크숍 매니저(소프트웨어) + 매거진(공작물/전극 자동 로딩)
A14: ※ 원산지: Switzerland (GF Machining Solutions), GF Korea 경유
